{"map": [[0,0],[0,500],[500,500],[500,0]], "start": [1,1], "target": [499,499], "sand traps": [[[45.46454545454545, 45.46454545454545], [90.8990909090909, 45.46454545454545], [90.8990909090909, 90.8990909090909], [45.46454545454545, 90.8990909090909]], [[45.46454545454545, 136.37363636363636], [90.8990909090909, 136.37363636363636], [90.8990909090909, 181.80818181818182], [45.46454545454545, 181.80818181818182]], [[45.46454545454545, 227.28272727272724], [90.8990909090909, 227.28272727272724], [90.8990909090909, 272.7172727272727], [45.46454545454545, 272.7172727272727]], [[45.46454545454545, 318.1918181818182], [90.8990909090909, 318.1918181818182], [90.8990909090909, 363.62636363636364], [45.46454545454545, 363.62636363636364]], [[45.46454545454545, 409.10090909090906], [90.8990909090909, 409.10090909090906], [90.8990909090909, 454.5354545454545], [45.46454545454545, 454.5354545454545]], [[136.37363636363636, 45.46454545454545], [181.80818181818182, 45.46454545454545], [181.80818181818182, 90.8990909090909], [136.37363636363636, 90.8990909090909]], [[136.37363636363636, 136.37363636363636], [181.80818181818182, 136.37363636363636], [181.80818181818182, 181.80818181818182], [136.37363636363636, 181.80818181818182]], [[136.37363636363636, 227.28272727272724], [181.80818181818182, 227.28272727272724], [181.80818181818182, 272.7172727272727], [136.37363636363636, 272.7172727272727]], [[136.37363636363636, 318.1918181818182], [181.80818181818182, 318.1918181818182], [181.80818181818182, 363.62636363636364], [136.37363636363636, 363.62636363636364]], [[136.37363636363636, 409.10090909090906], [181.80818181818182, 409.10090909090906], [181.80818181818182, 454.5354545454545], [136.37363636363636, 454.5354545454545]], [[227.28272727272724, 45.46454545454545], [272.7172727272727, 45.46454545454545], [272.7172727272727, 90.8990909090909], [227.28272727272724, 90.8990909090909]], [[227.28272727272724, 136.37363636363636], [272.7172727272727, 136.37363636363636], [272.7172727272727, 181.80818181818182], [227.28272727272724, 181.80818181818182]], [[227.28272727272724, 227.28272727272724], [272.7172727272727, 227.28272727272724], [272.7172727272727, 272.7172727272727], [227.28272727272724, 272.7172727272727]], [[227.28272727272724, 318.1918181818182], [272.7172727272727, 318.1918181818182], [272.7172727272727, 363.62636363636364], [227.28272727272724, 363.62636363636364]], [[227.28272727272724, 409.10090909090906], [272.7172727272727, 409.10090909090906], [272.7172727272727, 454.5354545454545], [227.28272727272724, 454.5354545454545]], [[318.1918181818182, 45.46454545454545], [363.62636363636364, 45.46454545454545], [363.62636363636364, 90.8990909090909], [318.1918181818182, 90.8990909090909]], [[318.1918181818182, 136.37363636363636], [363.62636363636364, 136.37363636363636], [363.62636363636364, 181.80818181818182], [318.1918181818182, 181.80818181818182]], [[318.1918181818182, 227.28272727272724], [363.62636363636364, 227.28272727272724], [363.62636363636364, 272.7172727272727], [318.1918181818182, 272.7172727272727]], [[318.1918181818182, 318.1918181818182], [363.62636363636364, 318.1918181818182], [363.62636363636364, 363.62636363636364], [318.1918181818182, 363.62636363636364]], [[318.1918181818182, 409.10090909090906], [363.62636363636364, 409.10090909090906], [363.62636363636364, 454.5354545454545], [318.1918181818182, 454.5354545454545]], [[409.10090909090906, 45.46454545454545], [454.5354545454545, 45.46454545454545], [454.5354545454545, 90.8990909090909], [409.10090909090906, 90.8990909090909]], [[409.10090909090906, 136.37363636363636], [454.5354545454545, 136.37363636363636], [454.5354545454545, 181.80818181818182], [409.10090909090906, 181.80818181818182]], [[409.10090909090906, 227.28272727272724], [454.5354545454545, 227.28272727272724], [454.5354545454545, 272.7172727272727], [409.10090909090906, 272.7172727272727]], [[409.10090909090906, 318.1918181818182], [454.5354545454545, 318.1918181818182], [454.5354545454545, 363.62636363636364], [409.10090909090906, 363.62636363636364]], [[409.10090909090906, 409.10090909090906], [454.5354545454545, 409.10090909090906], [454.5354545454545, 454.5354545454545], [409.10090909090906, 454.5354545454545]]]}