{"map": [[167.891662597656, 19.269348144531023], [351.957275390625, 16.557800292968977], [854.577880859375, 206.35418701171898], [858.9208984375, 275.385131835937], [742.963623046875, 279.293334960937], [302.641906738281, 87.68414306640602], [257.351928710938, 263.799377441406], [480.914794921875, 386.551696777344], [624.462646484375, 358.208129882812], [745.744995117188, 295.533081054687], [842.810180664062, 288.447204589844], [693.816040039063, 441.0296020507812], [486.88134765625, 478.6060180664062], [274.811157226562, 429.7001953125], [169.436828613281, 279.980712890625], [102.4638671875, 178.035522460937], [175.278198242188, 96.05529785156199]], "start": [233.592956542969, 59.4326171875], "target": [813.832153320313, 242.948364257813], "sand traps": [[[809.031860351562, 259.634887695313], [744.116088867187, 275.863830566406], [304.797485351562, 84.73327636718699], [351.557373046875, 17.878967285156023], [795.916748046875, 186.18414306640602], [844.146362304688, 212.927612304687], [792.259521484375, 230.299438476563]]]}