{"map": [[97.6887817382812, 201.312286376953], [95.6926879882812, 373.395751953125], [218.277221679688, 375.143798828125], [215.368530273438, 300.868469238281], [445.172485351562, 302.136962890625], [444.94384765625, 494.885375976563], [460.258422851563, 495.342529296875], [465.60546875, 164.73291015625], [467.891357421875, 94.78857421875], [468.092895507812, 58.4974365234375], [571.86669921875, 61.2005004882812], [557.102661132812, 494.471923828125], [690.820556640625, 492.871887207031], [650.922119140625, 54.1076965332031], [566.144897460937, 57.5363464355469], [468.5419921875, 54.3362731933594], [459.856079101563, 56.6220397949219], [451.781616210937, 59.4614868164062], [446.23291015625, 298.705627441406], [215.823364257813, 296.623291015625]], "start": [148.164184570313, 324.510131835937], "target": [614.890869140625, 427.571105957031], "sand traps": [[[447.205932617188, 381.275695800781], [447.954467773438, 434.642944335937], [446.5830078125, 450.871826171875], [458.468994140625, 451.7861328125], [459.840454101562, 436.014404296875], [458.240478515625, 385.498840332031], [460.9833984375, 382.070190429687]], [[450.178344726563, 182.323364257813], [450.178344726563, 254.325714111328], [462.29296875, 252.954254150391], [465.035888671875, 183.466064453125]]]}