{"map": [[31.1761474609375, 454.557006835937], [161.72900390625, 531.043518066406], [364.191833496094, 199.038146972656], [457.741027832031, 104.30615234375], [662.6396484375, 524.367736816406], [965.603881835938, 122.259582519531], [782.578002929688, 67.0252380371094], [673.993408203125, 402.126892089844], [512.902099609375, 91.559326171875], [504.901916503906, 19.3283386230469], [392.669555664063, 27.3285217285156], [175.638061523438, 430.73583984375]], "start": [97.8858032226563, 470.65185546875], "target": [856.45654296875, 123.304809570312], "sand traps": [[[481.8369140625, 36.1322631835937], [400.731689453125, 42.3038330078125], [323.472717285156, 198.42333984375], [474.098510742188, 72.6463012695312], [512.270812988281, 185.106994628906], [542.44287109375, 167.506591796875], [505.350769042969, 94.630126953125], [497.122009277344, 37.7143249511719]], [[607.501342773438, 388.767456054688], [662.259521484375, 505.639221191406], [766.392456054688, 377.2314453125], [696.48779296875, 355.225341796875], [675.687255859375, 426.489074707031], [643.4580078125, 362.944702148438], [614.6572265625, 311.286437988281], [566.198974609375, 303.971984863281]], [[770.1005859375, 141.286376953125], [699.505981445312, 343.151123046875], [767.850708007813, 360.980102539063], [798.072998046875, 147.462097167969], [798.072998046875, 96.7175903320313]]]}