{"map": [[406.318603515625, 256.314636230469], [409.0615234375, 289.915405273437], [446.77685546875, 289.458251953125], [440.605224609375, 258.143249511719]], "start": [417.74755859375, 268.42919921875], "target": [431.690795898438, 278.257995605469], "sand traps": [[[409.061645507813, 272.08642578125], [410.20458984375, 286.943908691406], [424.604858398437, 287.858215332031], [432.37646484375, 288.772521972656], [439.005249023437, 287.629638671875], [429.176391601562, 285.115295410156], [428.262084960938, 282.372375488281], [427.804931640625, 279.629455566406], [429.862182617187, 277.572265625], [431.462158203125, 276.657958984375], [434.433715820312, 276.429382324219], [436.719482421875, 278.257995605469], [437.8623046875, 280.772338867187], [444.262451171875, 281.686645507813], [439.919555664062, 262.943359375], [438.319458007812, 260.657592773437], [433.290771484375, 260.657592773437], [427.347778320313, 260.200439453125], [422.090576171875, 260.886169433594], [422.547729492188, 265.457702636719], [423.0048828125, 269.343505859375], [423.2333984375, 272.315002441406], [421.17626953125, 273.229309082031], [418.661865234375, 273.686462402344], [415.9189453125, 273.457885742187], [414.776123046875, 271.857849121094], [410.43310546875, 270.943542480469]]]}