{"map" : [[69.3227076390854, 28.5959709613287],
          [636.046823891623, 39.5789964700988],
          [600.000000000000, 600.000000000000],
          [45.1600515197912, 615.089533129652]],
   "start" : [300.000000000000, 150.000000000000],
   "target" : [303.735669838628, 492.786873820563],
   "sand traps" : [[[100.000000000000, 450.000000000000],
                    [531.999552947591, 448.212186044726],
                    [522.319695016636, 541.181259268795],
                    [100.000000000000, 550.000000000000]]]
}