{"map" : [[69.3227076390854, 28.5959709613287],
          [636.046823891623, 39.5789964700988],
          [600.000000000000, 600.000000000000],
          [45.1600515197912, 615.089533129652]],
   "start" : [317.089979571875, 449],
   "target" : [317.089979571875, 480],
   "sand traps" : [[[100.000000000000, 450.000000000000],
                    [531.999552947591, 448.212186044726],
                    [522.542665884782, 472.049326371659],
                    [100.222970868146, 480.868067102865]]]
}