{"map" : [[38.5233900000000, 502.393090000001],
          [44.7687400000001, 161.098680000000],
          [15.7619248295893, 44.3639164379364],
          [38.4013932854331, 37.2890825454853],
          [85.0952969756108, 144.119074321497],
          [223.762041267654, 146.241524489233],
          [225.793661286379, 95.9065153636816],
          [276.408206038473, 94.8027741588451],
          [278.418800000000, 148.627370000000],
          [384.360770626295, 161.806159052625],
          [600.760363627412, 53.8959813899918],
          [635.706015241011, 91.2516779424599],
          [420.099806554954, 245.009121671846],
          [419.871501138434, 275.484623692124],
          [699.362640000001, 278.123760000000],
          [700.000000000000, 300.000000000000],
          [420.581136503178, 300.000000000000],
          [420.581140000000, 500.000000000000]],
   "start" : [28.44813, 48.69443],
   "target" : [679.18151, 287.39617],
   "sand traps" : [[[386.86969,171.51831], [408.6494,246.39384], [579.91215,91.58463]],
                   [[46.2775074886138, 180.727659362367],
                   [100.100000000000, 147.600000000000],
                   [372.194663345934, 172.678614742782],
                   [399.181537445609, 253.173946109055],
                   [415.001429159211, 322.502295089256],
                   [416.862592890223, 476.048302897753],
                   [402.560348244947, 498.148633313210],
                   [50.0000000000000, 500.000000000000],
                   [41.2457433913709, 484.143034426115]]]
}