{"map": [[161.1953125, 75.18359375], [137.9296875, 373.125], [344.0390625, 461.546875], [838.41796875, 378.88671875], [816.70703125, 102.71484375], [391.11328125, 52.74609375]], "start": [200.0, 110.0], "target": [724.2265625, 384.6640625], "sand traps": [[[293.97265625, 153.3984375], [255.4296875, 245.53515625], [358.640625, 233.609375]], [[575.76953125, 98.8359375], [486.78515625, 177.2890625], [507.2265625, 242.2890625], [618.453125, 214.56640625]], [[416.60546875, 281.1171875], [393.203125, 385.96875], [490.75390625, 394.33203125], [493.0703125, 303.01953125]], [[657.55859375, 326.86328125], [636.8046875, 374.859375], [689.7265625, 400.19921875], [713.6171875, 373.05078125]]]}