{"map": [
            [33.6319580078125, 35.9688110351563], 
            [525.305541992187, 200.692169189453], 
            [500, 300], [550, 450], 
            [700.345947265625, 374.378662109375], 
            [770.671020507813, 571.739929199219], 
            [384.60693359375, 577.43701171875], 
            [82.4508056640625, 392.520263671875], 
            [26.0880737304687, 253.124145507813]], 
        "start": [100.0, 100.0], 
        "target": [700.0, 500.0], 
        "sand traps":  [
                            [[225,215],[400,215],[400,310],[475,310],[475,400],[225,400]], 
                            [[450, 450], [470, 550], [550, 525]]
                        ]}