{"map": [
    [33.6319580078125, 35.9688110351563], 
    [100.305541992187, 200.692169189453],
    [200, 35.968],
    [33.63112,100]
], 
    "start": [100.0, 100.0], 
    "target": [700.0, 500.0], 
    "sand traps":  [
                        [[225,215],[400,215],[400,310],[475,310],[475,400],[225,400]], 
                        [[450, 450], [470, 550], [550, 525]]
    ]
}