{"map": [[121.96875, 21.296875], [125.5703125, 495.69921875], [270.921875, 495.7890625], [231.375, 28.9296875], [423.71875, 35.0625], [428.96875, 493.94921875], [485.6328125, 495.30859375], [471.078125, 35.59375], [608.453125, 40.8828125], [651.109375, 494.48046875], [760.0390625, 494.99609375], [687.8359375, 32.4140625]], "start": [195.30859375, 471.9375], "target": [685.90234375, 472.08984375], "sand traps": [[[425.265625, 30.15234375], [460.3203125, 30.3828125], [467.33203125, 489.41015625], [430.40234375, 489.26171875]]]}